{"model": "one", "dictionary": {"selow": 1, "bangun": 2, "mengumpulkan": 3, "hadir": 4, "pengiriman": 5, "tahun": 6, "isiangkatan": 7, "jadawl": 8, "utsuas": 9, "nambah": 10, "aman": 11, "izin": 12, "yah": 13, "harian": 14, "si": 15, "dikumpulin": 16, "gamau": 17, "semester": 18, "pembagian": 19, "dihubungi": 20, "ruangan": 21, "ikutan": 22, "rendah": 23, "seperti": 24, "memgumpulkan": 25, "kok": 26, "bisa": 27, "rabu": 28, "mysql": 29, "presentase": 30, "datang": 31, "dapet": 32, "hal": 33, "penilaiannya": 34, "jomblo": 35, "uplod": 36, "disatuin": 37, "bantuin": 38, "project": 39, "test": 40, "ratarata": 41, "unuploaded": 42, "hehe": 43, "orang": 44, "update": 45, "statusnya": 46, "matkul": 47, "pengumpulannya": 48, "nama": 49, "dibawah": 50, "terbaru": 51, "pindah": 52, "lihat": 53, "selama": 54, "kemungkinan": 55, "kosong": 56, "dong": 57, "diajar": 58, "isi": 59, "mencapai": 60, "kodingannya": 61, "dimana": 62, "quizutsuas": 63, "rata": 64, "list": 65, "kali": 66, "paling": 67, "praktikummata": 68, "sih": 69, "ulang": 70, "ketahui": 71, "terdapat": 72, "selesai": 73, "kumpulkan": 74, "sisber": 75, "bagus": 76, "informasi": 77, "termasuk": 78, "ditugasin": 79, "tunjukkan": 80, "sakit": 81, "xxxx": 82, "aku": 83, "dikirim": 84, "erick": 85, "pada": 86, "tsb": 87, "word": 88, "darimana": 89, "skrg": 90, "susulan": 91, "keseluruhan": 92, "menghubungi": 93, "berikan": 94, "woles": 95, "pak": 96, "apakah": 97, "segitu": 98, "prak": 99, "pratikum": 100, "sistematika": 101, "kira": 102, "di": 103, "masuknya": 104, "bulan": 105, "pagi": 106, "laprak": 107, "program": 108, "dibawa": 109, "kumpul": 110, "hci": 111, "pengumpulan": 112, "terkait": 113, "cakep": 114, "perkenalan": 115, "dikerjain": 116, "kelasnya": 117, "cek": 118, "basah": 119, "perlihatkan": 120, "penambahan": 121, "setelah": 122, "merah": 123, "terlewatkan": 124, "pertemuan": 125, "publish": 126, "y": 127, "keren": 128, "siapa": 129, "minimum": 130, "tercapai": 131, "wajib": 132, "menuju": 133, "utsuaskuis": 134, "gimana": 135, "kecil": 136, "lalu": 137, "nilai": 138, "tes": 139, "perbaikan": 140, "sampai": 141, "saja": 142, "total": 143, "rekapan": 144, "berkaitan": 145, "memenuhi": 146, "atau": 147, "dl": 148, "nongkrong": 149, "masukan": 150, "tugas": 151, "sampe": 152, "angkatan": 153, "kasih": 154, "disini": 155, "tuh": 156, "bisakah": 157, "link": 158, "x": 159, "homework": 160, "matakuliah": 161, "bot": 162, "kerjakan": 163, "algoritma": 164, "akan": 165, "ringkas": 166, "buat": 167, "praktikum": 168, "yyy": 169, "minggu": 170, "engga": 171, "kkm": 172, "a": 173, "dikelas": 174, "tau": 175, "lengkapi": 176, "kumpulin": 177, "npm": 178, "status": 179, "lupa": 180, "lulus": 181, "alprog": 182, "metode": 183, "berapakah": 184, "kontak": 185, "mulai": 186, "diselesaikan": 187, "siapakah": 188, "semua": 189, "uplodnya": 190, "pbo": 191, "mengikuti": 192, "tertulis": 193, "dihitung": 194, "format": 195, "bahas": 196, "selesaikan": 197, "berapaberapa": 198, "eh": 199, "kepada": 200, "boleh": 201, "dilakukan": 202, "gosip": 203, "hp": 204, "kalo": 205, "bobot": 206, "bagaimana": 207, "jadwal": 208, "pr": 209, "aslabnya": 210, "apa": 211, "uas": 212, "asep": 213, "pw": 214, "tambahan": 215, "modulmateri": 216, "detail": 217, "kapan": 218, "seminggu": 219, "ppt": 220, "pengajar": 221, "deadlinenya": 222, "cpp": 223, "gua": 224, "yg": 225, "rpl": 226, "transkrip": 227, "diharuskan": 228, "konsultasi": 229, "selain": 230, "asprak": 231, "bawah": 232, "ditunda": 233, "ujian": 234, "projek": 235, "datrib": 236, "berapa": 237, "lihatkan": 238, "remedial": 239, "asistennya": 240, "udah": 241, "seluruh": 242, "persentase": 243, "bawa": 244, "aprak": 245, "pemberitahuan": 246, "mengirimkan": 247, "berakhir": 248, "ikut": 249, "pemrograman": 250, "upgrade": 251, "minta": 252, "materi": 253, "tadi": 254, "oleh": 255, "dilaksanakan": 256, "hr": 257, "boeh": 258, "memberikan": 259, "hasil": 260, "terakhir": 261, "kegiatan": 262, "ngajar": 263, "cuma": 264, "mengapa": 265, "banget": 266, "pj": 267, "absensi": 268, "pembuatan": 269, "diliburin": 270, "siap": 271, "sesuai": 272, "menemui": 273, "agenda": 274, "maksudnya": 275, "kemarin": 276, "perubahan": 277, "selanjutnya": 278, "my": 279, "kriptografi": 280, "tukeran": 281, "cantik": 282, "komponen": 283, "mengenai": 284, "suka": 285, "tiap": 286, "dan": 287, "saya": 288, "masuk": 289, "ya": 290, "mendadak": 291, "ada": 292, "baru": 293, "liburan": 294, "deadline": 295, "dikirimkan": 296, "jika": 297, "web": 298, "extra": 299, "b": 300, "alpro": 301, "time": 302, "kontaknya": 303, "daftar": 304, "aslina": 305, "gak": 306, "pake": 307, "xxx": 308, "hari": 309, "beri": 310, "saat": 311, "quiz": 312, "kemana": 313, "presentasi": 314, "ruang": 315, "urutan": 316, "gengs": 317, "mengirim": 318, "yang": 319, "info": 320, "tunjukan": 321, "peraturan": 322, "jadwalnya": 323, "akhir": 324, "manakah": 325, "dari": 326, "awal": 327, "jadi": 328, "kejepit": 329, "secara": 330, "mata": 331, "untuk": 332, "sistem": 333, "target": 334, "tempat": 335, "person": 336, "profil": 337, "tinggi": 338, "sajakah": 339, "ham": 340, "tertentu": 341, "kapsel": 342, "luang": 343, "ngapain": 344, "ngumpulin": 345, "kuliah": 346, "sepatunya": 347, "tanggal": 348, "pemweb": 349, "jam": 350, "teteh": 351, "nasional": 352, "jadwalku": 353, "alrpo": 354, "full": 355, "kemari": 356, "numerik": 357, "nih": 358, "libur": 359, "memperbaiki": 360, "brp": 361, "tempatnya": 362, "kelulusan": 363, "tolong": 364, "kabar": 365, "aspraknya": 366, "tampilkan": 367, "asisten": 368, "dibutuhin": 369, "sekarang": 370, "blablabla": 371, "rapor": 372, "ngawas": 373, "kehadiran": 374, "bakal": 375, "materinya": 376, "praktikumnya": 377, "sendal": 378, "rekrutmen": 379, "aslab": 380, "ke": 381, "oracle": 382, "sama": 383, "prepost": 384, "dikumpulkan": 385, "kelas": 386, "kirim": 387, "telat": 388, "ga": 389, "dinilainya": 390, "galak": 391, "masih": 392, "dimanakah": 393, "diminta": 394, "sejauh": 395, "news": 396, "pengumuman": 397, "dapat": 398, "berita": 399, "apabila": 400, "robotik": 401, "terkini": 402, "bagi": 403, "penjelasan": 404, "kuis": 405, "harus": 406, "private": 407, "gk": 408, "mobkom": 409, "kunci": 410, "seputar": 411, "email": 412, "error": 413, "rekap": 414, "mengajar": 415, "punya": 416, "telah": 417, "kripto": 418, "adakah": 419, "standar": 420, "ketentuan": 421, "deskripsi": 422, "kekumpul": 423, "perihal": 424, "terupdate": 425, "formatnya": 426, "kecuali": 427, "diupload": 428, "blm": 429, "kurang": 430, "infomasi": 431, "dipelajari": 432, "nilainya": 433, "tugasnya": 434, "kah": 435, "jelek": 436, "terhadap": 437, "dikumpul": 438, "semuanya": 439, "aja": 440, "nomor": 441, "lewat": 442, "penggantian": 443, "udh": 444, "kalau": 445, "batas": 446, "kelompok": 447, "absen": 448, "jumlah": 449, "sudah": 450, "kelengkapan": 451, "pas": 452, "matapraktikum": 453, "kantong": 454, "remedi": 455, "ini": 456, "kelar": 457, "biasa": 458, "nya": 459, "pelajaran": 460, "dikerjakan": 461, "terdistribusi": 462, "keujanan": 463, "cara": 464, "kemaren": 465, "lengkap": 466, "sebutkan": 467, "kuisutsuas": 468, "analgo": 469, "besok": 470, "dll": 471, "menjadi": 472, "mengerjakan": 473, "tidak": 474, "tepat": 475, "diliburkan": 476, "waktu": 477, "besar": 478, "tertinggi": 479, "ku": 480, "tahu": 481, "nilak": 482, "lokasi": 483, "ditiadakan": 484, "satu": 485, "metnum": 486, "astpraknya": 487, "astprak": 488, "keluarin": 489, "liat": 490, "mandiri": 491, "anggota": 492, "uts": 493, "lab": 494, "praktium": 495, "referensi": 496, "ingin": 497, "rincian": 498, "database": 499, "pakaian": 500, "result": 501, "kenapa": 502, "terdekat": 503, "mana": 504, "lain": 505, "mid": 506, "lebih": 507, "diganti": 508, "itu": 509, "mau": 510, "alamat": 511, "upload": 512, "mulainya": 513, "bersedia": 514, "depan": 515, "meminta": 516, "dimulai": 517, "penting": 518, "belum": 519, "disuruh": 520, "soalnya": 521, "lagi": 522, "langsung": 523, "sm": 524, "biodata": 525, "teh": 526, "baik": 527, "tunjukin": 528, "kalkulasi": 529, "tentang": 530, "aya": 531, "jangan": 532, "dilihat": 533, "online": 534, "penilaian": 535, "karena": 536, "kang": 537, "keluar": 538}, "intent": ["assignment", "grade", "assistant", "schedule", "information"]}